{"mean": [-1.3734667796525746, 1.4078087025451451, -7.9961976438954325, -0.31974639830876045, 0.17478048301792465, 3.43599401864178], "std": [6.479406287584482, 8.573961350905405, 4.88503396083708, 55.106689443851145, 54.08054949632872, 83.33739926366233], "labels": ["run", "sit", "stairs", "walk"]}